sequence_index	amino_acid	label_chain_id	label_seq_id	source_auth_chain	source_auth_residue	insertion_code	reference_position	model_presence
1	G	A	1	A	23			1
2	Q	A	2	A	24			1
3	R	A	3	A	25			1
4	W	A	4	A	26			1
5	E	A	5	A	27			1
6	L	A	6	A	28			1
7	A	A	7	A	29			1
8	L	A	8	A	30			1
9	G	A	9	A	31			1
10	R	A	10	A	32			1
11	F	A	11	A	33			1
12	W	A	12	A	34			1
13	D	A	13	A	35			1
14	Y	A	14	A	36			1
15	L	A	15	A	37			1
16	R	A	16	A	38			1
17	W	A	17	A	39			1
18	V	A	18	A	40			1
19	Q	A	19	A	41			1
20	T	A	20	A	42			1
21	L	A	21	A	43			1
22	S	A	22	A	44			1
23	E	A	23	A	45			1
24	Q	A	24	A	46			1
25	V	A	25	A	47			1
26	Q	A	26	A	48			1
27	E	A	27	A	49			1
28	E	A	28	A	50			1
29	L	A	29	A	51			1
30	L	A	30	A	52			1
31	S	A	31	A	53			1
32	S	A	32	A	54			1
33	Q	A	33	A	55			1
34	V	A	34	A	56			1
35	T	A	35	A	57			1
36	Q	A	36	A	58			1
37	E	A	37	A	59			1
38	L	A	38	A	60			1
39	R	A	39	A	61			1
40	A	A	40	A	62			1
41	L	A	41	A	63			1
42	M	A	42	A	64			1
43	D	A	43	A	65			1
44	E	A	44	A	66			1
45	T	A	45	A	67			1
46	M	A	46	A	68			1
47	K	A	47	A	69			1
48	E	A	48	A	70			1
49	L	A	49	A	71			1
50	K	A	50	A	72			1
51	A	A	51	A	73			1
52	Y	A	52	A	74			1
53	K	A	53	A	75			1
54	S	A	54	A	76			1
55	E	A	55	A	77			1
56	L	A	56	A	78			1
57	E	A	57	A	79			1
58	E	A	58	A	80			1
59	Q	A	59	A	81			1
60	L	A	60	A	82			1
61	T	A	61	A	83			1
62	A	A	62	A	86			1
63	E	A	63	A	87			1
64	E	A	64	A	88			1
65	T	A	65	A	89			1
66	R	A	66	A	90			1
67	A	A	67	A	91			1
68	R	A	68	A	92			1
69	L	A	69	A	93			1
70	S	A	70	A	94			1
71	K	A	71	A	95			1
72	E	A	72	A	96			1
73	L	A	73	A	97			1
74	Q	A	74	A	98			1
75	A	A	75	A	99			1
76	A	A	76	A	100			1
77	Q	A	77	A	101			1
78	A	A	78	A	102			1
79	R	A	79	A	103			1
80	L	A	80	A	104			1
81	G	A	81	A	105			1
82	A	A	82	A	106			1
83	D	A	83	A	107			1
84	M	A	84	A	108			1
85	E	A	85	A	109			1
86	D	A	86	A	110			1
87	V	A	87	A	111			1
88	R	A	88	A	112			1
89	G	A	89	A	113			1
90	R	A	90	A	114			1
91	L	A	91	A	115			1
92	V	A	92	A	116			1
93	Q	A	93	A	117			1
94	Y	A	94	A	118			1
95	R	A	95	A	119			1
96	G	A	96	A	120			1
97	E	A	97	A	121			1
98	V	A	98	A	122			1
99	Q	A	99	A	123			1
100	A	A	100	A	124			1
101	M	A	101	A	125			1
102	L	A	102	A	126			1
103	G	A	103	A	127			1
104	Q	A	104	A	128			1
105	S	A	105	A	129			1
106	T	A	106	A	130			1
107	E	A	107	A	131			1
108	E	A	108	A	132			1
109	L	A	109	A	133			1
110	R	A	110	A	134			1
111	V	A	111	A	135			1
112	R	A	112	A	136			1
113	L	A	113	A	137			1
114	A	A	114	A	138			1
115	S	A	115	A	139			1
116	H	A	116	A	140			1
117	L	A	117	A	141			1
118	R	A	118	A	142			1
119	K	A	119	A	143			1
120	L	A	120	A	144			1
121	R	A	121	A	145			1
122	K	A	122	A	146			1
123	R	A	123	A	147			1
124	L	A	124	A	148			1
125	L	A	125	A	149			1
126	R	A	126	A	150			1
127	D	A	127	A	151			1
128	A	A	128	A	152			1
129	D	A	129	A	153			1
130	D	A	130	A	154			1
131	L	A	131	A	155			1
132	Q	A	132	A	156			1
133	K	A	133	A	157			1
134	R	A	134	A	158			1
135	L	A	135	A	159			1
136	A	A	136	A	160			1
137	V	A	137	A	161			1
138	Y	A	138	A	162			1
