asset_id	path	source_url	source_revision_or_checksum	license	review_status	notes
validation-1ubq-cif	runtime/models/validation/1ubq/1UBQ.cif	https://files.rcsb.org/download/1UBQ.cif	sha256:056f98710cb2b36f633c45e41902a02eb446e82871da21ff2dd44f74a56ca0f6	wwPDB-data-terms	awaiting-user-approval	Fixed non-APOE real-backend validation target; setup records explicit license approval before downloading the 103220-byte file and never redistributes it in the wheel.
protenix-2.0.0-wheel	environments/protenix-v2.yml	https://pypi.org/project/protenix/2.0.0/	sha256:be4584dda688e0518ce12909d8d51d0a0868e7daa2bbb95cbac17440c0ac309f	Apache-2.0	approved-runtime-only	Official PyPI wheel; installed only in isolated environment and not committed.
protenix-v2-checkpoint	models/protenix/checkpoint/protenix-v2.pt	https://hf-mirror.com/TMF001/protenix-v2-weights/resolve/main/protenix-v2.pt	sha256:8f931f9774a396b67033d0e58628e1834f4a1448165e04254b40a780b0c0d599	Apache-2.0	approved-runtime-only	Mirror identifies the original ByteDance CDN URL; official CDN returned 403 on 2026-07-24; accepted only after exact public LFS SHA-256 validation; never redistributed.
protenix-ccd-components	models/protenix/common/components.cif	https://protenix.tos-cn-beijing.volces.com/common/components.cif	sha256:bb31ae5cf6c8bc669924313077cb4231ee5ffefd3a20118cd14f3ec89f8bb6a5	wwPDB-data-terms	approved-runtime-only	Runtime cache downloaded by Protenix; not committed or redistributed.
protenix-ccd-rdkit-cache	models/protenix/common/components.cif.rdkit_mol.pkl	https://protenix.tos-cn-beijing.volces.com/common/components.cif.rdkit_mol.pkl	sha256:d1cfb71f5993a3ebea7c47877022d7f597bbfbaf86e28a4770e957da6c50cd35	Apache-2.0-and-wwPDB-data-terms	approved-runtime-only	Derived runtime cache downloaded by Protenix; not committed or redistributed.
protenix-pdb-clusters	models/protenix/common/clusters-by-entity-40.txt	https://protenix.tos-cn-beijing.volces.com/common/clusters-by-entity-40.txt	sha256:1ab4af905e75b382eda8dec59917dc3608bee0729e36b9e71baf860bbe86850c	Apache-2.0-and-wwPDB-data-terms	approved-runtime-only	Runtime cache downloaded by Protenix; not committed or redistributed.
protenix-obsolete-releases	models/protenix/common/obsolete_release_date.csv	https://protenix.tos-cn-beijing.volces.com/common/obsolete_release_date.csv	sha256:a4f3f63ac5d7eebd78b07995cc669b9eccd6f5d8813c9492c9df02868893cf33	Apache-2.0-and-wwPDB-data-terms	approved-runtime-only	Runtime cache downloaded by Protenix; not committed or redistributed.
pymol-open-source-3.1.0	environments/pymol-pse.yml	https://conda.anaconda.org/conda-forge/linux-64/pymol-open-source-3.1.0-py311h410d754_8.conda	sha256:660020b7de285f4dfb51ae3ab6b40d11121442a1927fe3b0deee8ada4bc270bf	LicenseRef-PyMOL	approved-runtime-only	Conda-forge build installed only in the isolated pymol-pse environment; license and redistribution must be reviewed again before public release.
apoe-1b68-pse-runtime-fixture	examples/apoe-ui-demo/evidence-runs/apoe-s02-006-pse/20260726-004-stage05-pilot-filter/input-snapshot/apoe_abc.pse	local-legacy://easydesign/examples/upstream_zip_reference/APOE/source/apoe_abc.pse	sha256:7d382a2fd158bd4664ef3d17296591e380ff01232926ed5bc86a9bcd7a813651	private-project-asset	approved-private-repository	397738-byte private legacy APOE engineering fixture; user explicitly authorized sharing with repository collaborators on 2026-07-27; not approved for a public release.
apoe-stage05-ui-evidence-bundle	examples/apoe-ui-demo	local-run://apoe-s02-006-pse/20260726-004-stage05-pilot-filter	bundle-manifest-sha256:642eeb394da55929fc31f1699a04583c7489f59b8cfb15c04ad271ed272a35b9	private-project-evidence	approved-private-repository	DATA-004 compact read-only bundle; 67,470,391 evidence bytes plus bundle manifest and README; excludes approximately 970 MB backend intermediates; user explicitly authorized upload to main on 2026-07-27; not approved for public release.
scannet-code-and-epitope-models	environments/scannet-epitope.yml	https://github.com/jertubiana/ScanNet	commit:a61623cd98d243c2ff4cd03fc3619d2d22ec50e7	Apache-2.0	approved-runtime-only	Approved only for isolated internal runtime; official 1BRS and APOE CPU inference passed while RTX 4080 GPU inference remains compatibility-blocked; public redistribution review is not complete.
scannet-tensorflow-stack	environments/scannet-epitope.yml	https://github.com/jertubiana/ScanNet/blob/a61623cd98d243c2ff4cd03fc3619d2d22ec50e7/requirements.txt	python:3.6.12;tensorflow-gpu:1.14.0;migration:none	mixed-upstream	approved-runtime-only	Approved only for isolated internal runtime; CPU is the explicit current execution device, GPU optimization remains blocked by cuBLAS GEMM errors on RTX 4080, and redistribution or dependency modernization requires a separate decision.
colabfold-public-msa-service	config/backends/protenix-v2.yaml	https://api.colabfold.com	runtime-validation:2026-07-24	service-terms-review-required	approved-runtime-only	External MSA data service approved only for internal research runtime; it does not execute EasyDesign jobs. APOE 143-aa smoke passed, but no availability SLA is assumed and commercial/service-terms review is required before product use.
molstar-5.11.0-viewer	src/easydesign/reporting/static/target_viewer/vendor/molstar	https://registry.npmjs.org/molstar/-/molstar-5.11.0.tgz	npm-integrity:sha512-Jv2oHkKoCpzrhqLmGlknepm0pfRsoTDebsGRkvXpbUFb6p+JIAkhLyM3uqV2twC6VR83ZbXtdswOtouPhozpuQ==	MIT	approved-redistribution	Official npm tarball; vendored byte-identical viewer JS/CSS plus root license; JS preserves generated bundled notices for React/scheduler/react-dom/immutable; JS sha256:7fad5561c74bc900930fb57d6ab028d1aafdda82223a901bf932b1098e84f1f3; CSS sha256:5b68ceb6d3642549b4e9b2c071e58e41b98a5350ae269180587b39da86925d55.
3dmol-2.5.5-review-dashboard	src/easydesign/reporting/static/review_dashboard/vendor/3dmol	https://registry.npmjs.org/3dmol/-/3dmol-2.5.5.tgz	npm-integrity:sha512-kqNHouGqq3YfW58174tdERvm0XYTmP0tavQKOqIw1ouc2OJ7epkXEFrtEkVXV0clBZT2Ze2xHRC/qxX0u0qCdw==	BSD-3-Clause	approved-redistribution	Official npm 2.5.5 tarball; vendored build/3Dmol-min.js and root LICENSE byte-for-byte. JS sha256:f7cc78921ae72e7623e89cdd111434f58c2efddd2ffda1cd212644b406fb8016; license sha256:4c6eaaed856f3f28a3b1a98e74f4a8a71618de7d51ea4155c29f6f793bcef861.
boltzgen-official-vhh7-v1	src/easydesign/resources/scaffolds/vhh/official_boltzgen_0_3_2	https://github.com/HannesStark/boltzgen	commit:a3149cf18eeb58648d1abbb27539bd73f746cdda;registry-sha256:36caadbcada52085559a0fda048ec7f3976964a05ec8406b4eb11128eda3e9fd	MIT	approved-redistribution	Official BoltzGen 0.3.2 nanobody scaffold YAML/mmCIF for 7eow,7xl0,8coh,8z8v,gontivimab,isecarosmab,sonelokimab plus upstream license; all 14 per-file SHA-256 values are fixed and verified by the Stage 03 compiler; no legacy EasyDesign asset was copied.
boltzgen-inference-molecule-dataset	models/boltzgen/huggingface/datasets--boltzgen--inference-data	https://huggingface.co/datasets/boltzgen/inference-data/resolve/main/mols.zip	snapshot:c3d36fd276e9caf098c75d4113c6d5eb320b1a4c;sha256:3d4f56ac4262e745bb3d09cfaa19099b1d01be208122d501667b952e45521e53	MIT	awaiting-user-approval	391401102-byte official molecule dataset required by BoltzGen check/run; fresh setup requires explicit approval, stores it only under runtime/models, forces offline execution and verifies this exact SHA-256.
boltzgen-design-diverse-checkpoint	runtime/models/boltzgen/huggingface/models--boltzgen--boltzgen-1/snapshots/c1be29e1f82ffcc72264f64b993c43fb4e0d17f0/boltzgen1_diverse.ckpt	https://huggingface.co/boltzgen/boltzgen-1/resolve/main/boltzgen1_diverse.ckpt	snapshot:c1be29e1f82ffcc72264f64b993c43fb4e0d17f0;sha256:360af8bd6e59527ff6ec25dd81253967f3bd3567d200053b10680634751f8e3c	MIT	awaiting-user-approval	1930847192-byte official diverse design checkpoint; explicit license approval and checksum verification are required before runtime publication.
boltzgen-design-adherence-checkpoint	runtime/models/boltzgen/huggingface/models--boltzgen--boltzgen-1/snapshots/c1be29e1f82ffcc72264f64b993c43fb4e0d17f0/boltzgen1_adherence.ckpt	https://huggingface.co/boltzgen/boltzgen-1/resolve/main/boltzgen1_adherence.ckpt	snapshot:c1be29e1f82ffcc72264f64b993c43fb4e0d17f0;sha256:ac7078b3dc13064c68e0c3fd542e5bc538c33558bf6607f65e499eb336ca5e5d	MIT	awaiting-user-approval	1930858014-byte official adherence design checkpoint; explicit license approval and checksum verification are required before runtime publication.
boltzgen-inverse-fold-checkpoint	runtime/models/boltzgen/huggingface/models--boltzgen--boltzgen-1/snapshots/c1be29e1f82ffcc72264f64b993c43fb4e0d17f0/boltzgen1_ifold.ckpt	https://huggingface.co/boltzgen/boltzgen-1/resolve/main/boltzgen1_ifold.ckpt	snapshot:c1be29e1f82ffcc72264f64b993c43fb4e0d17f0;sha256:dd4cf108c94471bdc3a326b7b180fa3854dc019110fae780208c30b50bd56578	MIT	awaiting-user-approval	12582656-byte official inverse-fold checkpoint; EasyDesign passes its verified local path explicitly and does not allow implicit network fallback.
boltzgen-folding-checkpoint	runtime/models/boltzgen/huggingface/models--boltzgen--boltzgen-1/snapshots/c1be29e1f82ffcc72264f64b993c43fb4e0d17f0/boltz2_conf_final.ckpt	https://huggingface.co/boltzgen/boltzgen-1/resolve/main/boltz2_conf_final.ckpt	snapshot:c1be29e1f82ffcc72264f64b993c43fb4e0d17f0;sha256:525a51ef306da7282a54d23a4a5b91212fc60d0ff6b23b56dd6351de3b387530	MIT	awaiting-user-approval	2087255089-byte official folding checkpoint; explicit license approval and checksum verification are required before runtime publication.
boltzgen-affinity-checkpoint	runtime/models/boltzgen/huggingface/models--boltzgen--boltzgen-1/snapshots/c1be29e1f82ffcc72264f64b993c43fb4e0d17f0/boltz2_aff.ckpt	https://huggingface.co/boltzgen/boltzgen-1/resolve/main/boltz2_aff.ckpt	snapshot:c1be29e1f82ffcc72264f64b993c43fb4e0d17f0;sha256:6dc13d488015666d3c3fdffd29fab54d72e4f2597b654f996cdcf5937feab090	MIT	awaiting-user-approval	2061914091-byte official affinity checkpoint; explicit license approval and checksum verification are required before runtime publication.
boltzgen-source-a3149cf	runtime/models/boltzgen/source/a3149cf18eeb	https://github.com/HannesStark/boltzgen.git	commit:a3149cf18eeb58648d1abbb27539bd73f746cdda	MIT	approved-runtime-only	Fixed source checkout required by the BoltzGen 0.3.2 adapter; setup stages and validates a new repository-local copy without modifying user Git settings.
tnp-source-29dcac72	environments/tnp.yml	https://github.com/oxpig/TNP.git	commit:29dcac72f1380e8538e8870f45a699d3c6156162;license-sha256:a4f40e49f79300e759b09e6805c46d5e60fa1bad9d27b0ddfbb9a144e2b01de6;bin-sha256:87085d798cd69b519ca9d3f5aa02b6da8edd3fd3dc5624067e72d7cb0fc303c0	BSD-3-Clause	approved-runtime-only	Fixed clean source checkout used through a Python 3.10 file-protocol adapter; source, models and outputs are never redistributed in the EasyDesign wheel.
tnp-anarci-2024.05.21	environments/tnp.yml	https://anaconda.org/bioconda/anarci/2024.05.21	conda:anarci-2024.05.21-pyhdfd78af_0	BSD-3-Clause	approved-runtime-only	Bioconda runtime dependency required for IMGT numbering; this is the valid upstream package identity, not the nonexistent PyPI version 2024.5.21.
tnp-immunebuilder-1.2	environments/tnp.yml	https://pypi.org/project/ImmuneBuilder/1.2/	pypi:ImmuneBuilder-1.2;runtime-probe-required	BSD-3-Clause	approved-runtime-only	NanoBodyBuilder2 runtime used by fixed TNP; Torch/model downloads remain runtime-only and require repeat review before public/commercial redistribution.
tnp-dssp-4.6.1	environments/tnp.yml	https://anaconda.org/conda-forge/dssp/4.6.1	conda:dssp-4.6.1-np2py310h069e1f9_1	Boost-1.0	approved-runtime-only	TNP official salilab 3.0.0 build was rejected after live ABI failure; fixed conda-forge mkdssp 4.6.1 and Boost 1.90 runtime are probed and batch-smoke validated in isolation.
tnp-pdbfixer-1.9	environments/tnp.yml	https://anaconda.org/conda-forge/pdbfixer/1.9	conda:pdbfixer-1.9-pyh1a96a4e_0	MIT	approved-runtime-only	ImmuneBuilder 1.2 imports pdbfixer at module import time but omits it from its Requires-Dist metadata; fixed explicitly with OpenMM 8.5.2 so doctor tests runtime imports rather than trusting pip success.
tnp-scikit-learn-1.7.2	environments/tnp.yml	https://pypi.org/project/scikit-learn/1.7.2/	pypi:scikit-learn-1.7.2;runtime-probe-required	BSD-3-Clause	approved-runtime-only	TNP CDR3 compactness imports sklearn but upstream setup.py declares no dependencies; EasyDesign pins and probes the missing runtime explicitly.
