strategy_id	region_id	source_hotspot_set_id	scaffold_id	hotspot_strategy	crop_strategy	crop_enabled	target_chain	binding_label_seq_ids	neutral_residue_policy	candidates_per_strategy	design_specification_path	design_specification_sha256
region-a-h-all-c-full-scaffold-7eow	a	A	7eow	H_all	C_full	False	A	10,14,17,24,28,33,37,41,44	unmarked	40	strategies/region-a-h-all-c-full-scaffold-7eow/design.yaml	7693eeed3519783db65c9fb11f0636d8b4f09283772940f1139d71ca75ee66de
region-a-h-all-c-full-scaffold-7xl0	a	A	7xl0	H_all	C_full	False	A	10,14,17,24,28,33,37,41,44	unmarked	40	strategies/region-a-h-all-c-full-scaffold-7xl0/design.yaml	9ef5f67df7f187862cae9b45acbd7b1e997efb73b148541f9ad2cdc3917c341f
region-a-h-all-c-full-scaffold-8coh	a	A	8coh	H_all	C_full	False	A	10,14,17,24,28,33,37,41,44	unmarked	40	strategies/region-a-h-all-c-full-scaffold-8coh/design.yaml	c1de99bc5646249e5857caf9fdb8a8a6fccde5d2ced063d5f291357e9c8e65ff
region-a-h-all-c-full-scaffold-8z8v	a	A	8z8v	H_all	C_full	False	A	10,14,17,24,28,33,37,41,44	unmarked	40	strategies/region-a-h-all-c-full-scaffold-8z8v/design.yaml	7b1416bceeffe389758a5a715cd9c652da193bb3d3f56d0660a9c80d2064e85c
region-a-h-all-c-full-scaffold-gontivimab	a	A	gontivimab	H_all	C_full	False	A	10,14,17,24,28,33,37,41,44	unmarked	40	strategies/region-a-h-all-c-full-scaffold-gontivimab/design.yaml	efe62c69e954ce585e17657702c3dffebd9821a7cdb0edd88f67cc51c02b75ae
region-a-h-all-c-full-scaffold-isecarosmab	a	A	isecarosmab	H_all	C_full	False	A	10,14,17,24,28,33,37,41,44	unmarked	40	strategies/region-a-h-all-c-full-scaffold-isecarosmab/design.yaml	d8925feb786c0debbcaa0c572627f6baa52079ba5d0193648c024cebbae08804
region-a-h-all-c-full-scaffold-sonelokimab	a	A	sonelokimab	H_all	C_full	False	A	10,14,17,24,28,33,37,41,44	unmarked	40	strategies/region-a-h-all-c-full-scaffold-sonelokimab/design.yaml	bf4714b0bbc012879530287285cd5dd848985c9df0be936bf09e2d25057323b5
region-b-h-all-c-full-scaffold-7eow	b	B	7eow	H_all	C_full	False	A	36,39,43,47,50,54,67,71,78,81,85,89,92,96	unmarked	40	strategies/region-b-h-all-c-full-scaffold-7eow/design.yaml	3739c098c4f580b35a9082a5a1c8a52c303faaf8160720afefbb985216fab6a8
region-b-h-all-c-full-scaffold-7xl0	b	B	7xl0	H_all	C_full	False	A	36,39,43,47,50,54,67,71,78,81,85,89,92,96	unmarked	40	strategies/region-b-h-all-c-full-scaffold-7xl0/design.yaml	269822316df686684051e0c8ef29adf33023ebe10cc0dd8b4ee8f85f1b6097ca
region-b-h-all-c-full-scaffold-8coh	b	B	8coh	H_all	C_full	False	A	36,39,43,47,50,54,67,71,78,81,85,89,92,96	unmarked	40	strategies/region-b-h-all-c-full-scaffold-8coh/design.yaml	2c54ea734b9104f046bdcefa26e34b502f4921504fcee5703278820c3c49bca9
region-b-h-all-c-full-scaffold-8z8v	b	B	8z8v	H_all	C_full	False	A	36,39,43,47,50,54,67,71,78,81,85,89,92,96	unmarked	40	strategies/region-b-h-all-c-full-scaffold-8z8v/design.yaml	2159b26010a04feb5b7fdf515ca591d0f546ed87ad69f259859e61b70c564704
region-b-h-all-c-full-scaffold-gontivimab	b	B	gontivimab	H_all	C_full	False	A	36,39,43,47,50,54,67,71,78,81,85,89,92,96	unmarked	40	strategies/region-b-h-all-c-full-scaffold-gontivimab/design.yaml	8d355e8f8d4030182e25fef279a612e86d21cd81137cc5a16035a76f94a63d98
region-b-h-all-c-full-scaffold-isecarosmab	b	B	isecarosmab	H_all	C_full	False	A	36,39,43,47,50,54,67,71,78,81,85,89,92,96	unmarked	40	strategies/region-b-h-all-c-full-scaffold-isecarosmab/design.yaml	63f0fe9eca009f1d059d2efb7fbb91a1e3c66de07e34f2da5466062650f55b16
region-b-h-all-c-full-scaffold-sonelokimab	b	B	sonelokimab	H_all	C_full	False	A	36,39,43,47,50,54,67,71,78,81,85,89,92,96	unmarked	40	strategies/region-b-h-all-c-full-scaffold-sonelokimab/design.yaml	9df7e7608747e9b1c22c5934694abf2fe916a2298faf5f46f8d38411925840a4
region-c-h-all-c-full-scaffold-7eow	c	C	7eow	H_all	C_full	False	A	75,79,82,86,90,93,97,112,116,119,123,126,130,134	unmarked	40	strategies/region-c-h-all-c-full-scaffold-7eow/design.yaml	a3719de2f16583811db4ad64ebc7806c4fcf7ece50617091ff889c99dafa5020
region-c-h-all-c-full-scaffold-7xl0	c	C	7xl0	H_all	C_full	False	A	75,79,82,86,90,93,97,112,116,119,123,126,130,134	unmarked	40	strategies/region-c-h-all-c-full-scaffold-7xl0/design.yaml	7df2dbc708e3078d1c45684e69d20ea16199180a68fa475d530091c281cfa4f8
region-c-h-all-c-full-scaffold-8coh	c	C	8coh	H_all	C_full	False	A	75,79,82,86,90,93,97,112,116,119,123,126,130,134	unmarked	40	strategies/region-c-h-all-c-full-scaffold-8coh/design.yaml	cebcd234476ae44dd100669cda9646114dabb4c36d3ff4ccc43fb936327fa6b3
region-c-h-all-c-full-scaffold-8z8v	c	C	8z8v	H_all	C_full	False	A	75,79,82,86,90,93,97,112,116,119,123,126,130,134	unmarked	40	strategies/region-c-h-all-c-full-scaffold-8z8v/design.yaml	a840b71cdddb18d89e5b2992b9ac0bf03500204bfefe47d2579eeccb7ec497f4
region-c-h-all-c-full-scaffold-gontivimab	c	C	gontivimab	H_all	C_full	False	A	75,79,82,86,90,93,97,112,116,119,123,126,130,134	unmarked	40	strategies/region-c-h-all-c-full-scaffold-gontivimab/design.yaml	eea0e06c712329c0ceb375808b14c89d3ef6a6ace42c48c8728c4dd49cac73bc
region-c-h-all-c-full-scaffold-isecarosmab	c	C	isecarosmab	H_all	C_full	False	A	75,79,82,86,90,93,97,112,116,119,123,126,130,134	unmarked	40	strategies/region-c-h-all-c-full-scaffold-isecarosmab/design.yaml	6b4e2f9304ac29739c2dbed666bb24daf1416ab255b48bfc22c31207729a4147
region-c-h-all-c-full-scaffold-sonelokimab	c	C	sonelokimab	H_all	C_full	False	A	75,79,82,86,90,93,97,112,116,119,123,126,130,134	unmarked	40	strategies/region-c-h-all-c-full-scaffold-sonelokimab/design.yaml	c7d66c3c5bfb10095b29d59330dcca508c48a169c0e309200e4a52efeef859d1
